province,qtr,deaths,hosp,unemp_q,avg_rate_q,end_rate_q,shock_bp_q,shock_50bp_q,shock_50bp_lag1,shock_50bp_lag2
Alberta,2016Q1,137,228,8,0.5,0.5,NA,0,NA,NA
Alberta,2016Q2,140,238,8.066666666666666,0.5,0.5,0,0,0,NA
Alberta,2016Q3,159,239,8.733333333333333,0.5,0.5,0,0,0,0
Alberta,2016Q4,166,220,8.066666666666666,0.5,0.5,0,0,0,0
Alberta,2017Q1,162,228,8.9,0.5,0.5,0,0,0,0
Alberta,2017Q2,182,234,8.166666666666666,0.5,0.5,0,0,0,0
Alberta,2017Q3,183,250,8.133333333333333,0.7923076923076923,1,0.5,1,0,0
Alberta,2017Q4,217,221,6.8999999999999995,1,1,0,0,1,0
Alberta,2018Q1,194,199,6.733333333333333,1.2038461538461538,1.25,0.25,0,0,1
Alberta,2018Q2,206,228,6.466666666666666,1.25,1.25,0,0,0,0
Alberta,2018Q3,210,271,6.8999999999999995,1.4730769230769232,1.5,0.25,0,0,0
Alberta,2018Q4,195,218,6.033333333333334,1.6856060606060606,1.75,0.25,0,0,0
Alberta,2019Q1,162,170,7.266666666666666,1.75,1.75,0,0,0,0
Alberta,2019Q2,187,173,6.566666666666666,1.75,1.75,0,0,0,0
Alberta,2019Q3,152,214,7.066666666666666,1.75,1.75,0,0,0,0
Alberta,2019Q4,125,150,6.466666666666666,1.75,1.75,0,0,0,0
Alberta,2020Q1,161,188,8.299999999999999,1.4807692307692308,0.25,-1.5,0,0,0
Alberta,2020Q2,320,225,14.7,0.25,0.25,0,0,0,0
Alberta,2020Q3,363,235,12.3,0.25,0.25,0,0,0,0
Alberta,2020Q4,348,240,10.3,0.25,0.25,0,0,0,0
Alberta,2021Q1,364,210,10.633333333333333,0.25,0.25,0,0,0,0
Alberta,2021Q2,366,271,8.866666666666667,0.25,0.25,0,0,0,0
Alberta,2021Q3,405,353,8.133333333333333,0.25,0.25,0,0,0,0
Alberta,2021Q4,507,306,6.766666666666667,0.25,0.25,0,0,0,0
Alberta,2022Q1,462,267,7.066666666666666,0.3333333333333333,0.5,0.25,0,0,0
Alberta,2022Q2,354,224,5.666666666666667,1.0923076923076922,1.5,1,1,0,0
Alberta,2022Q3,319,203,5.466666666666666,2.546875,3.25,1.75,1,1,0
Alberta,2022Q4,388,198,5.2,3.734375,4.25,1,1,1,1
Alberta,2023Q1,442,285,6.3,4.43359375,4.5,0.25,0,1,1
Alberta,2023Q2,510,334,5.8,4.565384615384615,4.75,0.25,0,0,1
Alberta,2023Q3,474,333,5.8999999999999995,4.969230769230769,5,0.25,0,0,0
Alberta,2023Q4,442,272,5.533333333333334,5,5,0,0,0,0
Alberta,2024Q1,370,219,6.7,5,5,0,0,0,0
Alberta,2024Q2,256,219,7.233333333333333,4.934615384615385,4.75,-0.25,0,0,0
Alberta,2024Q3,269,200,7.366666666666667,4.5,4.25,-0.5,0,0,0
Alberta,2024Q4,298,231,6.7,3.772727272727273,3.25,-1,0,0,0
Alberta,2025Q1,322,297,7.2,3.03125,2.75,-0.5,0,0,0
Alberta,2025Q2,280,249,7.1000000000000005,2.75,2.75,0,0,0,0
British Columbia,2016Q1,176,299,6.833333333333333,0.5,0.5,NA,0,NA,NA
British Columbia,2016Q2,157,268,5.666666666666667,0.5,0.5,0,0,0,NA
British Columbia,2016Q3,153,277,5.966666666666666,0.5,0.5,0,0,0,0
British Columbia,2016Q4,321,304,5.866666666666667,0.5,0.5,0,0,0,0
British Columbia,2017Q1,353,334,5.766666666666667,0.5,0.5,0,0,0,0
British Columbia,2017Q2,365,370,5.233333333333333,0.5,0.5,0,0,0,0
British Columbia,2017Q3,318,354,5.333333333333333,0.7923076923076923,1,0.5,1,0,0
British Columbia,2017Q4,264,334,4.833333333333333,1,1,0,0,1,0
British Columbia,2018Q1,358,287,5.1000000000000005,1.2038461538461538,1.25,0.25,0,0,1
British Columbia,2018Q2,319,382,4.866666666666666,1.25,1.25,0,0,0,0
British Columbia,2018Q3,367,380,4.533333333333333,1.4730769230769232,1.5,0.25,0,0,0
British Columbia,2018Q4,340,363,4.133333333333334,1.6856060606060606,1.75,0.25,0,0,0
British Columbia,2019Q1,240,315,4.833333333333333,1.75,1.75,0,0,0,0
British Columbia,2019Q2,195,307,4.7,1.75,1.75,0,0,0,0
British Columbia,2019Q3,195,314,5.033333333333333,1.75,1.75,0,0,0,0
British Columbia,2019Q4,205,258,4.733333333333333,1.75,1.75,0,0,0,0
British Columbia,2020Q1,227,279,6.233333333333334,1.4807692307692308,0.25,-1.5,0,0,0
British Columbia,2020Q2,416,379,12.7,0.25,0.25,0,0,0,0
British Columbia,2020Q3,378,452,10.266666666666666,0.25,0.25,0,0,0,0
British Columbia,2020Q4,419,472,7.433333333333334,0.25,0.25,0,0,0,0
British Columbia,2021Q1,449,461,7.666666666666667,0.25,0.25,0,0,0,0
British Columbia,2021Q2,355,474,6.8999999999999995,0.25,0.25,0,0,0,0
British Columbia,2021Q3,493,496,6.6000000000000005,0.25,0.25,0,0,0,0
British Columbia,2021Q4,546,520,5.066666666666666,0.25,0.25,0,0,0,0
British Columbia,2022Q1,495,446,5.2,0.3333333333333333,0.5,0.25,0,0,0
British Columbia,2022Q2,481,490,4.633333333333334,1.0923076923076922,1.5,1,1,0,0
British Columbia,2022Q3,518,468,4.7,2.546875,3.25,1.75,1,1,0
British Columbia,2022Q4,560,462,4.066666666666666,3.734375,4.25,1,1,1,1
British Columbia,2023Q1,543,529,5,4.43359375,4.5,0.25,0,1,1
British Columbia,2023Q2,556,547,5.2,4.565384615384615,4.75,0.25,0,0,1
British Columbia,2023Q3,527,635,5.633333333333333,4.969230769230769,5,0.25,0,0,0
British Columbia,2023Q4,589,568,4.966666666666666,5,5,0,0,0,0
British Columbia,2024Q1,644,565,5.533333333333334,5,5,0,0,0,0
British Columbia,2024Q2,603,532,5.3,4.934615384615385,4.75,-0.25,0,0,0
British Columbia,2024Q3,609,504,6.033333333333334,4.5,4.25,-0.5,0,0,0
British Columbia,2024Q4,488,418,5.3999999999999995,3.772727272727273,3.25,-1,0,0,0
British Columbia,2025Q1,442,384,6.166666666666667,3.03125,2.75,-0.5,0,0,0
British Columbia,2025Q2,484,292,6.1000000000000005,2.75,2.75,0,0,0,0
Manitoba,2016Q1,18,23,6.2,0.5,0.5,NA,0,NA,NA
Manitoba,2016Q2,20,35,5.933333333333334,0.5,0.5,0,0,0,NA
Manitoba,2016Q3,17,25,6.7,0.5,0.5,0,0,0,0
Manitoba,2016Q4,33,36,5.3999999999999995,0.5,0.5,0,0,0,0
Manitoba,2017Q1,34,39,5.933333333333334,0.5,0.5,0,0,0,0
Manitoba,2017Q2,34,46,5.066666666666666,0.5,0.5,0,0,0,0
Manitoba,2017Q3,19,32,5.433333333333334,0.7923076923076923,1,0.5,1,0,0
Manitoba,2017Q4,19,40,4.866666666666666,1,1,0,0,1,0
Manitoba,2018Q1,21,27,6.133333333333333,1.2038461538461538,1.25,0.25,0,0,1
Manitoba,2018Q2,17,27,5.966666666666666,1.25,1.25,0,0,0,0
Manitoba,2018Q3,24,22,6.233333333333333,1.4730769230769232,1.5,0.25,0,0,0
Manitoba,2018Q4,31,28,5.5,1.6856060606060606,1.75,0.25,0,0,0
Manitoba,2019Q1,10,18,5.633333333333333,1.75,1.75,0,0,0,0
Manitoba,2019Q2,16,17,5.166666666666667,1.75,1.75,0,0,0,0
Manitoba,2019Q3,11,21,5.7,1.75,1.75,0,0,0,0
Manitoba,2019Q4,25,28,4.833333333333333,1.75,1.75,0,0,0,0
Manitoba,2020Q1,23,26,5.833333333333333,1.4807692307692308,0.25,-1.5,0,0,0
Manitoba,2020Q2,53,30,11.1,0.25,0.25,0,0,0,0
Manitoba,2020Q3,81,41,8.666666666666666,0.25,0.25,0,0,0,0
Manitoba,2020Q4,76,29,7.133333333333333,0.25,0.25,0,0,0,0
Manitoba,2021Q1,65,31,7.466666666666666,0.25,0.25,0,0,0,0
Manitoba,2021Q2,68,26,7.166666666666667,0.25,0.25,0,0,0,0
Manitoba,2021Q3,87,33,6.5,0.25,0.25,0,0,0,0
Manitoba,2021Q4,66,32,4.7,0.25,0.25,0,0,0,0
Manitoba,2022Q1,77,31,4.733333333333333,0.3333333333333333,0.5,0.25,0,0,0
Manitoba,2022Q2,71,33,4.333333333333333,1.0923076923076922,1.5,1,1,0,0
Manitoba,2022Q3,60,25,5.066666666666666,2.546875,3.25,1.75,1,1,0
Manitoba,2022Q4,83,29,3.9666666666666663,3.734375,4.25,1,1,1,1
Manitoba,2023Q1,93,34,4.666666666666667,4.43359375,4.5,0.25,0,1,1
Manitoba,2023Q2,94,35,4.666666666666667,4.565384615384615,4.75,0.25,0,0,1
Manitoba,2023Q3,81,31,5.8,4.969230769230769,5,0.25,0,0,0
Manitoba,2023Q4,114,54,4.333333333333333,5,5,0,0,0,0
Manitoba,2024Q1,98,30,4.766666666666667,5,5,0,0,0,0
Manitoba,2024Q2,107,42,5.133333333333334,4.934615384615385,4.75,-0.25,0,0,0
Manitoba,2024Q3,80,27,6.266666666666667,4.5,4.25,-0.5,0,0,0
Manitoba,2024Q4,85,34,5.6000000000000005,3.772727272727273,3.25,-1,0,0,0
Manitoba,2025Q1,58,22,6.066666666666666,3.03125,2.75,-0.5,0,0,0
Manitoba,2025Q2,61,38,5.466666666666666,2.75,2.75,0,0,0,0
New Brunswick,2016Q1,12,24,11.533333333333331,0.5,0.5,NA,0,NA,NA
New Brunswick,2016Q2,4,26,9.966666666666669,0.5,0.5,0,0,0,NA
New Brunswick,2016Q3,10,46,8.866666666666667,0.5,0.5,0,0,0,0
New Brunswick,2016Q4,8,33,8.633333333333333,0.5,0.5,0,0,0,0
New Brunswick,2017Q1,10,29,9.933333333333334,0.5,0.5,0,0,0,0
New Brunswick,2017Q2,8,28,8.833333333333334,0.5,0.5,0,0,0,0
New Brunswick,2017Q3,8,19,7.1000000000000005,0.7923076923076923,1,0.5,1,0,0
New Brunswick,2017Q4,12,25,7.599999999999999,1,1,0,0,1,0
New Brunswick,2018Q1,8,24,9.7,1.2038461538461538,1.25,0.25,0,0,1
New Brunswick,2018Q2,4,22,7.966666666666666,1.25,1.25,0,0,0,0
New Brunswick,2018Q3,9,22,7.533333333333334,1.4730769230769232,1.5,0.25,0,0,0
New Brunswick,2018Q4,9,19,7.333333333333333,1.6856060606060606,1.75,0.25,0,0,0
New Brunswick,2019Q1,6,29,9.533333333333331,1.75,1.75,0,0,0,0
New Brunswick,2019Q2,7,20,8.033333333333333,1.75,1.75,0,0,0,0
New Brunswick,2019Q3,15,27,7.933333333333334,1.75,1.75,0,0,0,0
New Brunswick,2019Q4,7,27,7.233333333333333,1.75,1.75,0,0,0,0
New Brunswick,2020Q1,5,23,9.466666666666669,1.4807692307692308,0.25,-1.5,0,0,0
New Brunswick,2020Q2,10,28,13.4,0.25,0.25,0,0,0,0
New Brunswick,2020Q3,12,29,9.633333333333333,0.25,0.25,0,0,0,0
New Brunswick,2020Q4,18,25,9.333333333333334,0.25,0.25,0,0,0,0
New Brunswick,2021Q1,15,26,10.8,0.25,0.25,0,0,0,0
New Brunswick,2021Q2,9,26,9.366666666666667,0.25,0.25,0,0,0,0
New Brunswick,2021Q3,12,25,8.866666666666667,0.25,0.25,0,0,0,0
New Brunswick,2021Q4,11,20,7.966666666666666,0.25,0.25,0,0,0,0
New Brunswick,2022Q1,16,23,8.799999999999999,0.3333333333333333,0.5,0.25,0,0,0
New Brunswick,2022Q2,20,35,6.6000000000000005,1.0923076923076922,1.5,1,1,0,0
New Brunswick,2022Q3,19,35,6.633333333333333,2.546875,3.25,1.75,1,1,0
New Brunswick,2022Q4,21,26,6.866666666666667,3.734375,4.25,1,1,1,1
New Brunswick,2023Q1,24,20,7.266666666666667,4.43359375,4.5,0.25,0,1,1
New Brunswick,2023Q2,25,22,6.133333333333333,4.565384615384615,4.75,0.25,0,0,1
New Brunswick,2023Q3,22,32,6.8,4.969230769230769,5,0.25,0,0,0
New Brunswick,2023Q4,27,29,6.1000000000000005,5,5,0,0,0,0
New Brunswick,2024Q1,21,28,8.4,5,5,0,0,0,0
New Brunswick,2024Q2,19,27,6.766666666666667,4.934615384615385,4.75,-0.25,0,0,0
New Brunswick,2024Q3,21,26,6.366666666666667,4.5,4.25,-0.5,0,0,0
New Brunswick,2024Q4,23,26,6.633333333333333,3.772727272727273,3.25,-1,0,0,0
New Brunswick,2025Q1,12,26,7.833333333333333,3.03125,2.75,-0.5,0,0,0
New Brunswick,2025Q2,14,22,6.7,2.75,2.75,0,0,0,0
Newfoundland and Labrador,2016Q1,Suppr.,15,16.466666666666665,0.5,0.5,NA,0,NA,NA
Newfoundland and Labrador,2016Q2,Suppr.,16,12.3,0.5,0.5,0,0,0,NA
Newfoundland and Labrador,2016Q3,8,13,11.733333333333334,0.5,0.5,0,0,0,0
Newfoundland and Labrador,2016Q4,5,11,14.05,0.5,0.5,0,0,0,0
Newfoundland and Labrador,2017Q1,11,21,NA,0.5,0.5,0,0,0,0
Newfoundland and Labrador,2017Q2,6,24,NA,0.5,0.5,0,0,0,0
Newfoundland and Labrador,2017Q3,9,28,NA,0.7923076923076923,1,0.5,1,0,0
Newfoundland and Labrador,2017Q4,7,16,NA,1,1,0,0,1,0
Newfoundland and Labrador,2018Q1,5,19,NA,1.2038461538461538,1.25,0.25,0,0,1
Newfoundland and Labrador,2018Q2,5,20,NA,1.25,1.25,0,0,0,0
Newfoundland and Labrador,2018Q3,6,19,NA,1.4730769230769232,1.5,0.25,0,0,0
Newfoundland and Labrador,2018Q4,7,9,NA,1.6856060606060606,1.75,0.25,0,0,0
Newfoundland and Labrador,2019Q1,7,9,NA,1.75,1.75,0,0,0,0
Newfoundland and Labrador,2019Q2,6,16,NA,1.75,1.75,0,0,0,0
Newfoundland and Labrador,2019Q3,Suppr.,19,NA,1.75,1.75,0,0,0,0
Newfoundland and Labrador,2019Q4,Suppr.,8,NA,1.75,1.75,0,0,0,0
Newfoundland and Labrador,2020Q1,Suppr.,16,NA,1.4807692307692308,0.25,-1.5,0,0,0
Newfoundland and Labrador,2020Q2,9,22,NA,0.25,0.25,0,0,0,0
Newfoundland and Labrador,2020Q3,7,12,NA,0.25,0.25,0,0,0,0
Newfoundland and Labrador,2020Q4,Suppr.,14,NA,0.25,0.25,0,0,0,0
Newfoundland and Labrador,2021Q1,6,11,NA,0.25,0.25,0,0,0,0
Newfoundland and Labrador,2021Q2,5,17,NA,0.25,0.25,0,0,0,0
Newfoundland and Labrador,2021Q3,7,24,NA,0.25,0.25,0,0,0,0
Newfoundland and Labrador,2021Q4,7,16,NA,0.25,0.25,0,0,0,0
Newfoundland and Labrador,2022Q1,Suppr.,15,NA,0.3333333333333333,0.5,0.25,0,0,0
Newfoundland and Labrador,2022Q2,8,9,NA,1.0923076923076922,1.5,1,1,0,0
Newfoundland and Labrador,2022Q3,11,19,NA,2.546875,3.25,1.75,1,1,0
Newfoundland and Labrador,2022Q4,Suppr.,14,NA,3.734375,4.25,1,1,1,1
Newfoundland and Labrador,2023Q1,Suppr.,21,NA,4.43359375,4.5,0.25,0,1,1
Newfoundland and Labrador,2023Q2,Suppr.,9,NA,4.565384615384615,4.75,0.25,0,0,1
Newfoundland and Labrador,2023Q3,12,18,NA,4.969230769230769,5,0.25,0,0,0
Newfoundland and Labrador,2023Q4,11,16,NA,5,5,0,0,0,0
Newfoundland and Labrador,2024Q1,14,12,NA,5,5,0,0,0,0
Newfoundland and Labrador,2024Q2,11,23,NA,4.934615384615385,4.75,-0.25,0,0,0
Newfoundland and Labrador,2024Q3,10,12,NA,4.5,4.25,-0.5,0,0,0
Newfoundland and Labrador,2024Q4,12,12,NA,3.772727272727273,3.25,-1,0,0,0
Newfoundland and Labrador,2025Q1,9,16,NA,3.03125,2.75,-0.5,0,0,0
Newfoundland and Labrador,2025Q2,5,10,NA,2.75,2.75,0,0,0,0
Northwest Territories,2016Q1,2,NA,NA,0.5,0.5,NA,0,NA,NA
Northwest Territories,2016Q2,0,NA,NA,0.5,0.5,0,0,0,NA
Northwest Territories,2016Q3,1,NA,NA,0.5,0.5,0,0,0,0
Northwest Territories,2016Q4,2,NA,NA,0.5,0.5,0,0,0,0
Northwest Territories,2017Q1,0,NA,NA,0.5,0.5,0,0,0,0
Northwest Territories,2017Q2,0,NA,NA,0.5,0.5,0,0,0,0
Northwest Territories,2017Q3,1,NA,NA,0.7923076923076923,1,0.5,1,0,0
Northwest Territories,2017Q4,0,NA,NA,1,1,0,0,1,0
Northwest Territories,2018Q1,1,NA,NA,1.2038461538461538,1.25,0.25,0,0,1
Northwest Territories,2018Q2,0,NA,NA,1.25,1.25,0,0,0,0
Northwest Territories,2018Q3,1,NA,NA,1.4730769230769232,1.5,0.25,0,0,0
Northwest Territories,2018Q4,0,NA,NA,1.6856060606060606,1.75,0.25,0,0,0
Northwest Territories,2019Q1,1,NA,NA,1.75,1.75,0,0,0,0
Northwest Territories,2019Q2,0,NA,NA,1.75,1.75,0,0,0,0
Northwest Territories,2019Q3,0,NA,NA,1.75,1.75,0,0,0,0
Northwest Territories,2019Q4,0,NA,NA,1.75,1.75,0,0,0,0
Northwest Territories,2020Q1,0,NA,NA,1.4807692307692308,0.25,-1.5,0,0,0
Northwest Territories,2020Q2,0,NA,NA,0.25,0.25,0,0,0,0
Northwest Territories,2020Q3,3,NA,NA,0.25,0.25,0,0,0,0
Northwest Territories,2020Q4,0,NA,NA,0.25,0.25,0,0,0,0
Northwest Territories,2021Q1,1,NA,NA,0.25,0.25,0,0,0,0
Northwest Territories,2021Q2,1,NA,NA,0.25,0.25,0,0,0,0
Northwest Territories,2021Q3,2,NA,NA,0.25,0.25,0,0,0,0
Northwest Territories,2021Q4,0,NA,NA,0.25,0.25,0,0,0,0
Northwest Territories,2022Q1,2,NA,NA,0.3333333333333333,0.5,0.25,0,0,0
Northwest Territories,2022Q2,2,NA,NA,1.0923076923076922,1.5,1,1,0,0
Northwest Territories,2022Q3,0,NA,NA,2.546875,3.25,1.75,1,1,0
Northwest Territories,2022Q4,3,NA,NA,3.734375,4.25,1,1,1,1
Northwest Territories,2023Q1,0,NA,NA,4.43359375,4.5,0.25,0,1,1
Northwest Territories,2023Q2,1,NA,NA,4.565384615384615,4.75,0.25,0,0,1
Northwest Territories,2023Q3,0,NA,NA,4.969230769230769,5,0.25,0,0,0
Northwest Territories,2023Q4,2,NA,NA,5,5,0,0,0,0
Northwest Territories,2024Q1,3,NA,NA,5,5,0,0,0,0
Northwest Territories,2024Q2,1,NA,NA,4.934615384615385,4.75,-0.25,0,0,0
Northwest Territories,2024Q3,1,NA,NA,4.5,4.25,-0.5,0,0,0
Northwest Territories,2024Q4,2,NA,NA,3.772727272727273,3.25,-1,0,0,0
Northwest Territories,2025Q1,1,NA,NA,3.03125,2.75,-0.5,0,0,0
Northwest Territories,2025Q2,0,NA,NA,2.75,2.75,0,0,0,0
Nova Scotia,2016Q1,17,18,10.1,0.5,0.5,NA,0,NA,NA
Nova Scotia,2016Q2,14,23,8.066666666666666,0.5,0.5,0,0,0,NA
Nova Scotia,2016Q3,17,31,7.933333333333334,0.5,0.5,0,0,0,0
Nova Scotia,2016Q4,5,28,7.7,0.5,0.5,0,0,0,0
Nova Scotia,2017Q1,19,28,9.766666666666666,0.5,0.5,0,0,0,0
Nova Scotia,2017Q2,17,17,8.533333333333333,0.5,0.5,0,0,0,0
Nova Scotia,2017Q3,13,18,8.299999999999999,0.7923076923076923,1,0.5,1,0,0
Nova Scotia,2017Q4,15,20,8.166666666666666,1,1,0,0,1,0
Nova Scotia,2018Q1,16,13,9.4,1.2038461538461538,1.25,0.25,0,0,1
Nova Scotia,2018Q2,18,33,7.5,1.25,1.25,0,0,0,0
Nova Scotia,2018Q3,10,16,7.866666666666667,1.4730769230769232,1.5,0.25,0,0,0
Nova Scotia,2018Q4,11,18,6.8999999999999995,1.6856060606060606,1.75,0.25,0,0,0
Nova Scotia,2019Q1,15,23,7.866666666666667,1.75,1.75,0,0,0,0
Nova Scotia,2019Q2,18,19,7.133333333333334,1.75,1.75,0,0,0,0
Nova Scotia,2019Q3,12,18,7.433333333333333,1.75,1.75,0,0,0,0
Nova Scotia,2019Q4,11,19,7.733333333333334,1.75,1.75,0,0,0,0
Nova Scotia,2020Q1,9,15,9.466666666666669,1.4807692307692308,0.25,-1.5,0,0,0
Nova Scotia,2020Q2,11,22,13.5,0.25,0.25,0,0,0,0
Nova Scotia,2020Q3,10,13,9.4,0.25,0.25,0,0,0,0
Nova Scotia,2020Q4,19,22,7.599999999999999,0.25,0.25,0,0,0,0
Nova Scotia,2021Q1,13,17,9.566666666666668,0.25,0.25,0,0,0,0
Nova Scotia,2021Q2,8,20,9.066666666666668,0.25,0.25,0,0,0,0
Nova Scotia,2021Q3,6,14,8.033333333333333,0.25,0.25,0,0,0,0
Nova Scotia,2021Q4,13,19,7.7,0.25,0.25,0,0,0,0
Nova Scotia,2022Q1,22,18,7.3,0.3333333333333333,0.5,0.25,0,0,0
Nova Scotia,2022Q2,10,20,6.2,1.0923076923076922,1.5,1,1,0,0
Nova Scotia,2022Q3,15,12,6.7,2.546875,3.25,1.75,1,1,0
Nova Scotia,2022Q4,15,24,5.933333333333334,3.734375,4.25,1,1,1,1
Nova Scotia,2023Q1,13,20,6.1000000000000005,4.43359375,4.5,0.25,0,1,1
Nova Scotia,2023Q2,12,19,6.033333333333334,4.565384615384615,4.75,0.25,0,0,1
Nova Scotia,2023Q3,18,22,7.233333333333333,4.969230769230769,5,0.25,0,0,0
Nova Scotia,2023Q4,30,28,6.066666666666666,5,5,0,0,0,0
Nova Scotia,2024Q1,17,19,6.966666666666666,5,5,0,0,0,0
Nova Scotia,2024Q2,19,19,6.3,4.934615384615385,4.75,-0.25,0,0,0
Nova Scotia,2024Q3,18,19,6.766666666666667,4.5,4.25,-0.5,0,0,0
Nova Scotia,2024Q4,13,24,5.933333333333334,3.772727272727273,3.25,-1,0,0,0
Nova Scotia,2025Q1,15,17,6.6000000000000005,3.03125,2.75,-0.5,0,0,0
Nova Scotia,2025Q2,16,19,6.766666666666667,2.75,2.75,0,0,0,0
Nunavut,2016Q1,0,NA,NA,0.5,0.5,NA,0,NA,NA
Nunavut,2016Q2,0,NA,NA,0.5,0.5,0,0,0,NA
Nunavut,2016Q3,0,NA,NA,0.5,0.5,0,0,0,0
Nunavut,2016Q4,0,NA,NA,0.5,0.5,0,0,0,0
Nunavut,2017Q1,0,NA,NA,0.5,0.5,0,0,0,0
Nunavut,2017Q2,0,NA,NA,0.5,0.5,0,0,0,0
Nunavut,2017Q3,0,NA,NA,0.7923076923076923,1,0.5,1,0,0
Nunavut,2017Q4,0,NA,NA,1,1,0,0,1,0
Nunavut,2018Q1,0,NA,NA,1.2038461538461538,1.25,0.25,0,0,1
Nunavut,2018Q2,0,NA,NA,1.25,1.25,0,0,0,0
Nunavut,2018Q3,0,NA,NA,1.4730769230769232,1.5,0.25,0,0,0
Nunavut,2018Q4,0,NA,NA,1.6856060606060606,1.75,0.25,0,0,0
Nunavut,2019Q1,Suppr.,NA,NA,1.75,1.75,0,0,0,0
Nunavut,2019Q2,Suppr.,NA,NA,1.75,1.75,0,0,0,0
Nunavut,2019Q3,0,NA,NA,1.75,1.75,0,0,0,0
Nunavut,2019Q4,0,NA,NA,1.75,1.75,0,0,0,0
Nunavut,2020Q1,Suppr.,NA,NA,1.4807692307692308,0.25,-1.5,0,0,0
Nunavut,2020Q2,Suppr.,NA,NA,0.25,0.25,0,0,0,0
Nunavut,2020Q3,0,NA,NA,0.25,0.25,0,0,0,0
Nunavut,2020Q4,0,NA,NA,0.25,0.25,0,0,0,0
Nunavut,2021Q1,Suppr.,NA,NA,0.25,0.25,0,0,0,0
Nunavut,2021Q2,0,NA,NA,0.25,0.25,0,0,0,0
Nunavut,2021Q3,0,NA,NA,0.25,0.25,0,0,0,0
Nunavut,2021Q4,Suppr.,NA,NA,0.25,0.25,0,0,0,0
Nunavut,2022Q1,0,NA,NA,0.3333333333333333,0.5,0.25,0,0,0
Nunavut,2022Q2,0,NA,NA,1.0923076923076922,1.5,1,1,0,0
Nunavut,2022Q3,Suppr.,NA,NA,2.546875,3.25,1.75,1,1,0
Nunavut,2022Q4,Suppr.,NA,NA,3.734375,4.25,1,1,1,1
Nunavut,2023Q1,0,NA,NA,4.43359375,4.5,0.25,0,1,1
Nunavut,2023Q2,0,NA,NA,4.565384615384615,4.75,0.25,0,0,1
Nunavut,2023Q3,NA,NA,NA,4.969230769230769,5,0.25,0,0,0
Nunavut,2023Q4,NA,NA,NA,5,5,0,0,0,0
Nunavut,2024Q1,NA,NA,NA,5,5,0,0,0,0
Nunavut,2024Q2,NA,NA,NA,4.934615384615385,4.75,-0.25,0,0,0
Nunavut,2024Q3,NA,NA,NA,4.5,4.25,-0.5,0,0,0
Nunavut,2024Q4,NA,NA,NA,3.772727272727273,3.25,-1,0,0,0
Nunavut,2025Q1,NA,NA,NA,3.03125,2.75,-0.5,0,0,0
Nunavut,2025Q2,NA,NA,NA,2.75,2.75,0,0,0,0
Ontario,2016Q1,214,379,6.966666666666666,0.5,0.5,NA,0,NA,NA
Ontario,2016Q2,218,488,6.733333333333333,0.5,0.5,0,0,0,NA
Ontario,2016Q3,195,445,6.833333333333333,0.5,0.5,0,0,0,0
Ontario,2016Q4,240,498,5.7,0.5,0.5,0,0,0,0
Ontario,2017Q1,238,474,6.566666666666666,0.5,0.5,0,0,0,0
Ontario,2017Q2,311,529,6.233333333333333,0.5,0.5,0,0,0,0
Ontario,2017Q3,414,567,6.2,0.7923076923076923,1,0.5,1,0,0
Ontario,2017Q4,302,508,5.266666666666667,1,1,0,0,1,0
Ontario,2018Q1,318,468,5.8,1.2038461538461538,1.25,0.25,0,0,1
Ontario,2018Q2,336,566,5.766666666666667,1.25,1.25,0,0,0,0
Ontario,2018Q3,402,518,6.066666666666666,1.4730769230769232,1.5,0.25,0,0,0
Ontario,2018Q4,457,528,4.933333333333334,1.6856060606060606,1.75,0.25,0,0,0
Ontario,2019Q1,457,514,5.8999999999999995,1.75,1.75,0,0,0,0
Ontario,2019Q2,481,572,5.6000000000000005,1.75,1.75,0,0,0,0
Ontario,2019Q3,250,452,5.866666666666667,1.75,1.75,0,0,0,0
Ontario,2019Q4,377,438,4.8,1.75,1.75,0,0,0,0
Ontario,2020Q1,474,454,6.633333333333334,1.4807692307692308,0.25,-1.5,0,0,0
Ontario,2020Q2,631,518,13,0.25,0.25,0,0,0,0
Ontario,2020Q3,646,540,11.1,0.25,0.25,0,0,0,0
Ontario,2020Q4,733,525,8.5,0.25,0.25,0,0,0,0
Ontario,2021Q1,745,590,9.333333333333334,0.25,0.25,0,0,0,0
Ontario,2021Q2,737,614,9.166666666666666,0.25,0.25,0,0,0,0
Ontario,2021Q3,688,619,8.200000000000001,0.25,0.25,0,0,0,0
Ontario,2021Q4,710,614,5.866666666666667,0.25,0.25,0,0,0,0
Ontario,2022Q1,645,485,6.333333333333333,0.3333333333333333,0.5,0.25,0,0,0
Ontario,2022Q2,593,495,5.333333333333333,1.0923076923076922,1.5,1,1,0,0
Ontario,2022Q3,619,526,5.733333333333333,2.546875,3.25,1.75,1,1,0
Ontario,2022Q4,673,513,4.8999999999999995,3.734375,4.25,1,1,1,1
Ontario,2023Q1,659,540,5.3,4.43359375,4.5,0.25,0,1,1
Ontario,2023Q2,690,581,5.366666666666667,4.565384615384615,4.75,0.25,0,0,1
Ontario,2023Q3,663,549,6.266666666666667,4.969230769230769,5,0.25,0,0,0
Ontario,2023Q4,629,537,5.566666666666667,5,5,0,0,0,0
Ontario,2024Q1,596,563,6.6000000000000005,5,5,0,0,0,0
Ontario,2024Q2,650,555,6.866666666666667,4.934615384615385,4.75,-0.25,0,0,0
Ontario,2024Q3,575,543,7.466666666666668,4.5,4.25,-0.5,0,0,0
Ontario,2024Q4,432,417,6.833333333333333,3.772727272727273,3.25,-1,0,0,0
Ontario,2025Q1,329,389,7.6,3.03125,2.75,-0.5,0,0,0
Ontario,2025Q2,323,414,7.8,2.75,2.75,0,0,0,0
Prince Edward Island,2016Q1,NA,Suppr.,12.966666666666669,0.5,0.5,NA,0,NA,NA
Prince Edward Island,2016Q2,NA,6,10.133333333333336,0.5,0.5,0,0,0,NA
Prince Edward Island,2016Q3,NA,7,8.933333333333334,0.5,0.5,0,0,0,0
Prince Edward Island,2016Q4,NA,Suppr.,11.2,0.5,0.5,0,0,0,0
Prince Edward Island,2017Q1,Suppr.,Suppr.,12.466666666666669,0.5,0.5,0,0,0,0
Prince Edward Island,2017Q2,Suppr.,Suppr.,9.8,0.5,0.5,0,0,0,0
Prince Edward Island,2017Q3,Suppr.,Suppr.,7.933333333333334,0.7923076923076923,1,0.5,1,0,0
Prince Edward Island,2017Q4,0,6,9.833333333333334,1,1,0,0,1,0
Prince Edward Island,2018Q1,0,7,13.066666666666668,1.2038461538461538,1.25,0.25,0,0,1
Prince Edward Island,2018Q2,Suppr.,Suppr.,10.166666666666666,1.25,1.25,0,0,0,0
Prince Edward Island,2018Q3,Suppr.,7,7.533333333333334,1.4730769230769232,1.5,0.25,0,0,0
Prince Edward Island,2018Q4,Suppr.,Suppr.,9.266666666666666,1.6856060606060606,1.75,0.25,0,0,0
Prince Edward Island,2019Q1,Suppr.,Suppr.,12.266666666666666,1.75,1.75,0,0,0,0
Prince Edward Island,2019Q2,Suppr.,8,8.966666666666667,1.75,1.75,0,0,0,0
Prince Edward Island,2019Q3,Suppr.,6,7.133333333333333,1.75,1.75,0,0,0,0
Prince Edward Island,2019Q4,0,Suppr.,7.866666666666666,1.75,1.75,0,0,0,0
Prince Edward Island,2020Q1,Suppr.,5,10.466666666666669,1.4807692307692308,0.25,-1.5,0,0,0
Prince Edward Island,2020Q2,Suppr.,Suppr.,12.833333333333334,0.25,0.25,0,0,0,0
Prince Edward Island,2020Q3,Suppr.,Suppr.,8.766666666666666,0.25,0.25,0,0,0,0
Prince Edward Island,2020Q4,Suppr.,7,10.533333333333331,0.25,0.25,0,0,0,0
Prince Edward Island,2021Q1,Suppr.,5,11.533333333333331,0.25,0.25,0,0,0,0
Prince Edward Island,2021Q2,Suppr.,Suppr.,10.266666666666667,0.25,0.25,0,0,0,0
Prince Edward Island,2021Q3,6,5,9,0.25,0.25,0,0,0,0
Prince Edward Island,2021Q4,Suppr.,Suppr.,8.799999999999999,0.25,0.25,0,0,0,0
Prince Edward Island,2022Q1,Suppr.,Suppr.,11.833333333333334,0.3333333333333333,0.5,0.25,0,0,0
Prince Edward Island,2022Q2,0,6,6.966666666666666,1.0923076923076922,1.5,1,1,0,0
Prince Edward Island,2022Q3,Suppr.,Suppr.,6.1000000000000005,2.546875,3.25,1.75,1,1,0
Prince Edward Island,2022Q4,Suppr.,Suppr.,6.2,3.734375,4.25,1,1,1,1
Prince Edward Island,2023Q1,Suppr.,Suppr.,8.966666666666667,4.43359375,4.5,0.25,0,1,1
Prince Edward Island,2023Q2,0,10,6.966666666666666,4.565384615384615,4.75,0.25,0,0,1
Prince Edward Island,2023Q3,Suppr.,5,6.033333333333334,4.969230769230769,5,0.25,0,0,0
Prince Edward Island,2023Q4,Suppr.,Suppr.,7.033333333333334,5,5,0,0,0,0
Prince Edward Island,2024Q1,Suppr.,Suppr.,9.233333333333334,5,5,0,0,0,0
Prince Edward Island,2024Q2,Suppr.,Suppr.,7.1000000000000005,4.934615384615385,4.75,-0.25,0,0,0
Prince Edward Island,2024Q3,0,10,6.566666666666666,4.5,4.25,-0.5,0,0,0
Prince Edward Island,2024Q4,Suppr.,Suppr.,8.966666666666667,3.772727272727273,3.25,-1,0,0,0
Prince Edward Island,2025Q1,Suppr.,Suppr.,9.666666666666666,3.03125,2.75,-0.5,0,0,0
Prince Edward Island,2025Q2,Suppr.,Suppr.,7.133333333333333,2.75,2.75,0,0,0,0
Quebec,2016Q1,68,NA,8.666666666666666,0.5,0.5,NA,0,NA,NA
Quebec,2016Q2,64,NA,7.5,0.5,0.5,0,0,0,NA
Quebec,2016Q3,68,NA,6.866666666666667,0.5,0.5,0,0,0,0
Quebec,2016Q4,63,NA,5.966666666666666,0.5,0.5,0,0,0,0
Quebec,2017Q1,65,NA,7.066666666666666,0.5,0.5,0,0,0,0
Quebec,2017Q2,79,NA,6.166666666666667,0.5,0.5,0,0,0,0
Quebec,2017Q3,69,NA,5.933333333333334,0.7923076923076923,1,0.5,1,0,0
Quebec,2017Q4,67,NA,5.266666666666667,1,1,0,0,1,0
Quebec,2018Q1,55,NA,6.333333333333333,1.2038461538461538,1.25,0.25,0,0,1
Quebec,2018Q2,51,NA,5.233333333333333,1.25,1.25,0,0,0,0
Quebec,2018Q3,42,NA,5.466666666666666,1.4730769230769232,1.5,0.25,0,0,0
Quebec,2018Q4,63,NA,4.866666666666667,1.6856060606060606,1.75,0.25,0,0,0
Quebec,2019Q1,54,NA,5.966666666666666,1.75,1.75,0,0,0,0
Quebec,2019Q2,56,NA,4.8,1.75,1.75,0,0,0,0
Quebec,2019Q3,52,NA,4.733333333333333,1.75,1.75,0,0,0,0
Quebec,2019Q4,51,NA,4.733333333333333,1.75,1.75,0,0,0,0
Quebec,2020Q1,56,NA,6.6000000000000005,1.4807692307692308,0.25,-1.5,0,0,0
Quebec,2020Q2,80,NA,14.233333333333334,0.25,0.25,0,0,0,0
Quebec,2020Q3,98,NA,8.233333333333333,0.25,0.25,0,0,0,0
Quebec,2020Q4,88,NA,6.766666666666667,0.25,0.25,0,0,0,0
Quebec,2021Q1,73,NA,7.866666666666667,0.25,0.25,0,0,0,0
Quebec,2021Q2,78,NA,6.266666666666667,0.25,0.25,0,0,0,0
Quebec,2021Q3,70,NA,5.933333333333334,0.25,0.25,0,0,0,0
Quebec,2021Q4,75,NA,4.5,0.25,0.25,0,0,0,0
Quebec,2022Q1,72,NA,5.133333333333333,0.3333333333333333,0.5,0.25,0,0,0
Quebec,2022Q2,73,NA,4.133333333333333,1.0923076923076922,1.5,1,1,0,0
Quebec,2022Q3,89,NA,4.333333333333333,2.546875,3.25,1.75,1,1,0
Quebec,2022Q4,82,NA,3.733333333333333,3.734375,4.25,1,1,1,1
Quebec,2023Q1,82,NA,4.666666666666667,4.43359375,4.5,0.25,0,1,1
Quebec,2023Q2,70,NA,4,4.565384615384615,4.75,0.25,0,0,1
Quebec,2023Q3,76,NA,4.533333333333334,4.969230769230769,5,0.25,0,0,0
Quebec,2023Q4,80,NA,4.666666666666667,5,5,0,0,0,0
Quebec,2024Q1,160,NA,5.3,5,5,0,0,0,0
Quebec,2024Q2,159,NA,5.1000000000000005,4.934615384615385,4.75,-0.25,0,0,0
Quebec,2024Q3,166,NA,5.566666666666666,4.5,4.25,-0.5,0,0,0
Quebec,2024Q4,160,NA,5.3,3.772727272727273,3.25,-1,0,0,0
Quebec,2025Q1,153,NA,6.066666666666666,3.03125,2.75,-0.5,0,0,0
Quebec,2025Q2,152,NA,5.8,2.75,2.75,0,0,0,0
Saskatchewan,2016Q1,25,75,6.666666666666667,0.5,0.5,NA,0,NA,NA
Saskatchewan,2016Q2,17,59,6.433333333333334,0.5,0.5,0,0,0,NA
Saskatchewan,2016Q3,24,72,6.3999999999999995,0.5,0.5,0,0,0,0
Saskatchewan,2016Q4,17,58,6.266666666666667,0.5,0.5,0,0,0,0
Saskatchewan,2017Q1,25,54,6.866666666666667,0.5,0.5,0,0,0,0
Saskatchewan,2017Q2,20,60,6.466666666666666,0.5,0.5,0,0,0,0
Saskatchewan,2017Q3,22,64,6.3999999999999995,0.7923076923076923,1,0.5,1,0,0
Saskatchewan,2017Q4,18,65,5.866666666666667,1,1,0,0,1,0
Saskatchewan,2018Q1,32,52,6.166666666666667,1.2038461538461538,1.25,0.25,0,0,1
Saskatchewan,2018Q2,26,65,6.5,1.25,1.25,0,0,0,0
Saskatchewan,2018Q3,31,61,6.566666666666666,1.4730769230769232,1.5,0.25,0,0,0
Saskatchewan,2018Q4,27,51,5.3,1.6856060606060606,1.75,0.25,0,0,0
Saskatchewan,2019Q1,24,56,5.733333333333334,1.75,1.75,0,0,0,0
Saskatchewan,2019Q2,34,73,5.433333333333334,1.75,1.75,0,0,0,0
Saskatchewan,2019Q3,22,67,5.8,1.75,1.75,0,0,0,0
Saskatchewan,2019Q4,35,68,5.2,1.75,1.75,0,0,0,0
Saskatchewan,2020Q1,24,50,7.033333333333332,1.4807692307692308,0.25,-1.5,0,0,0
Saskatchewan,2020Q2,70,83,11.733333333333334,0.25,0.25,0,0,0,0
Saskatchewan,2020Q3,80,87,8.333333333333334,0.25,0.25,0,0,0,0
Saskatchewan,2020Q4,76,95,6.3,0.25,0.25,0,0,0,0
Saskatchewan,2021Q1,65,72,7.766666666666667,0.25,0.25,0,0,0,0
Saskatchewan,2021Q2,56,79,6.7,0.25,0.25,0,0,0,0
Saskatchewan,2021Q3,93,77,6.533333333333334,0.25,0.25,0,0,0,0
Saskatchewan,2021Q4,113,93,4.966666666666667,0.25,0.25,0,0,0,0
Saskatchewan,2022Q1,77,65,5.5,0.3333333333333333,0.5,0.25,0,0,0
Saskatchewan,2022Q2,82,55,4.733333333333333,1.0923076923076922,1.5,1,1,0,0
Saskatchewan,2022Q3,63,64,4.3999999999999995,2.546875,3.25,1.75,1,1,0
Saskatchewan,2022Q4,75,55,4,3.734375,4.25,1,1,1,1
Saskatchewan,2023Q1,96,64,4.733333333333333,4.43359375,4.5,0.25,0,1,1
Saskatchewan,2023Q2,83,84,4.666666666666667,4.565384615384615,4.75,0.25,0,0,1
Saskatchewan,2023Q3,81,55,5.233333333333333,4.969230769230769,5,0.25,0,0,0
Saskatchewan,2023Q4,88,74,4.233333333333333,5,5,0,0,0,0
Saskatchewan,2024Q1,91,58,5.3999999999999995,5,5,0,0,0,0
Saskatchewan,2024Q2,56,76,5.5,4.934615384615385,4.75,-0.25,0,0,0
Saskatchewan,2024Q3,71,66,5.8,4.5,4.25,-0.5,0,0,0
Saskatchewan,2024Q4,40,33,5.033333333333333,3.772727272727273,3.25,-1,0,0,0
Saskatchewan,2025Q1,50,60,5.366666666666667,3.03125,2.75,-0.5,0,0,0
Saskatchewan,2025Q2,44,60,4.5,2.75,2.75,0,0,0,0
Territories,2016Q1,NA,Suppr.,NA,0.5,0.5,NA,0,NA,NA
Territories,2016Q2,NA,12,NA,0.5,0.5,0,0,0,NA
Territories,2016Q3,NA,Suppr.,NA,0.5,0.5,0,0,0,0
Territories,2016Q4,NA,7,NA,0.5,0.5,0,0,0,0
Territories,2017Q1,NA,9,NA,0.5,0.5,0,0,0,0
Territories,2017Q2,NA,8,NA,0.5,0.5,0,0,0,0
Territories,2017Q3,NA,6,NA,0.7923076923076923,1,0.5,1,0,0
Territories,2017Q4,NA,6,NA,1,1,0,0,1,0
Territories,2018Q1,NA,11,NA,1.2038461538461538,1.25,0.25,0,0,1
Territories,2018Q2,NA,Suppr.,NA,1.25,1.25,0,0,0,0
Territories,2018Q3,NA,7,NA,1.4730769230769232,1.5,0.25,0,0,0
Territories,2018Q4,NA,Suppr.,NA,1.6856060606060606,1.75,0.25,0,0,0
Territories,2019Q1,NA,Suppr.,NA,1.75,1.75,0,0,0,0
Territories,2019Q2,NA,7,NA,1.75,1.75,0,0,0,0
Territories,2019Q3,NA,Suppr.,NA,1.75,1.75,0,0,0,0
Territories,2019Q4,NA,5,NA,1.75,1.75,0,0,0,0
Territories,2020Q1,NA,7,NA,1.4807692307692308,0.25,-1.5,0,0,0
Territories,2020Q2,NA,6,NA,0.25,0.25,0,0,0,0
Territories,2020Q3,NA,Suppr.,NA,0.25,0.25,0,0,0,0
Territories,2020Q4,NA,Suppr.,NA,0.25,0.25,0,0,0,0
Territories,2021Q1,NA,Suppr.,NA,0.25,0.25,0,0,0,0
Territories,2021Q2,NA,Suppr.,NA,0.25,0.25,0,0,0,0
Territories,2021Q3,NA,8,NA,0.25,0.25,0,0,0,0
Territories,2021Q4,NA,12,NA,0.25,0.25,0,0,0,0
Territories,2022Q1,NA,Suppr.,NA,0.3333333333333333,0.5,0.25,0,0,0
Territories,2022Q2,NA,9,NA,1.0923076923076922,1.5,1,1,0,0
Territories,2022Q3,NA,8,NA,2.546875,3.25,1.75,1,1,0
Territories,2022Q4,NA,Suppr.,NA,3.734375,4.25,1,1,1,1
Territories,2023Q1,NA,10,NA,4.43359375,4.5,0.25,0,1,1
Territories,2023Q2,NA,6,NA,4.565384615384615,4.75,0.25,0,0,1
Territories,2023Q3,NA,7,NA,4.969230769230769,5,0.25,0,0,0
Territories,2023Q4,NA,9,NA,5,5,0,0,0,0
Territories,2024Q1,NA,9,NA,5,5,0,0,0,0
Territories,2024Q2,NA,5,NA,4.934615384615385,4.75,-0.25,0,0,0
Territories,2024Q3,NA,10,NA,4.5,4.25,-0.5,0,0,0
Territories,2024Q4,NA,8,NA,3.772727272727273,3.25,-1,0,0,0
Territories,2025Q1,NA,Suppr.,NA,3.03125,2.75,-0.5,0,0,0
Territories,2025Q2,NA,Suppr.,NA,2.75,2.75,0,0,0,0
Yukon,2016Q1,0,NA,NA,0.5,0.5,NA,0,NA,NA
Yukon,2016Q2,2,NA,NA,0.5,0.5,0,0,0,NA
Yukon,2016Q3,2,NA,NA,0.5,0.5,0,0,0,0
Yukon,2016Q4,3,NA,NA,0.5,0.5,0,0,0,0
Yukon,2017Q1,4,NA,NA,0.5,0.5,0,0,0,0
Yukon,2017Q2,0,NA,NA,0.5,0.5,0,0,0,0
Yukon,2017Q3,1,NA,NA,0.7923076923076923,1,0.5,1,0,0
Yukon,2017Q4,2,NA,NA,1,1,0,0,1,0
Yukon,2018Q1,0,NA,NA,1.2038461538461538,1.25,0.25,0,0,1
Yukon,2018Q2,0,NA,NA,1.25,1.25,0,0,0,0
Yukon,2018Q3,3,NA,NA,1.4730769230769232,1.5,0.25,0,0,0
Yukon,2018Q4,2,NA,NA,1.6856060606060606,1.75,0.25,0,0,0
Yukon,2019Q1,1,NA,NA,1.75,1.75,0,0,0,0
Yukon,2019Q2,0,NA,NA,1.75,1.75,0,0,0,0
Yukon,2019Q3,0,NA,NA,1.75,1.75,0,0,0,0
Yukon,2019Q4,3,NA,NA,1.75,1.75,0,0,0,0
Yukon,2020Q1,3,NA,NA,1.4807692307692308,0.25,-1.5,0,0,0
Yukon,2020Q2,3,NA,NA,0.25,0.25,0,0,0,0
Yukon,2020Q3,3,NA,NA,0.25,0.25,0,0,0,0
Yukon,2020Q4,1,NA,NA,0.25,0.25,0,0,0,0
Yukon,2021Q1,5,NA,NA,0.25,0.25,0,0,0,0
Yukon,2021Q2,5,NA,NA,0.25,0.25,0,0,0,0
Yukon,2021Q3,5,NA,NA,0.25,0.25,0,0,0,0
Yukon,2021Q4,8,NA,NA,0.25,0.25,0,0,0,0
Yukon,2022Q1,10,NA,NA,0.3333333333333333,0.5,0.25,0,0,0
Yukon,2022Q2,4,NA,NA,1.0923076923076922,1.5,1,1,0,0
Yukon,2022Q3,1,NA,NA,2.546875,3.25,1.75,1,1,0
Yukon,2022Q4,4,NA,NA,3.734375,4.25,1,1,1,1
Yukon,2023Q1,3,NA,NA,4.43359375,4.5,0.25,0,1,1
Yukon,2023Q2,5,NA,NA,4.565384615384615,4.75,0.25,0,0,1
Yukon,2023Q3,2,NA,NA,4.969230769230769,5,0.25,0,0,0
Yukon,2023Q4,7,NA,NA,5,5,0,0,0,0
Yukon,2024Q1,4,NA,NA,5,5,0,0,0,0
Yukon,2024Q2,1,NA,NA,4.934615384615385,4.75,-0.25,0,0,0
Yukon,2024Q3,5,NA,NA,4.5,4.25,-0.5,0,0,0
Yukon,2024Q4,4,NA,NA,3.772727272727273,3.25,-1,0,0,0
Yukon,2025Q1,4,NA,NA,3.03125,2.75,-0.5,0,0,0
Yukon,2025Q2,5,NA,NA,2.75,2.75,0,0,0,0
